,ประทับเวลา,Mountain bike,Collagen,Green Brownie,Mae Kong,Botox,Weed,Hemp,Blood Pressure,Color Light Bulb,Bikini Wax,E Chair,Decor Plant,Side Pillow,Weight Sensor,Jaw Botox,SangSom,Pie,Lego,Fan,Liquor,Sleepless Pajamas,Dumbell,Vaccume Robot,Wagyu Meat,Sun Pork,Drone,Food Digester,Sexy Cloth,Gypsy,Grilled Meat,Paper Shredder,Bags,Shabu,Surfskate,Board game,Food Shredder,Dog Suit,Omakase,Cashew Nut,Genius Light,Hair Clipper,Dyson Hair Dryer,CD,Nose hair sisscor,PS5,Blood Sugar Tester,Rotee,Kapi Dong,Little Dog,Thai Travel Package,FIFA game,light mango,autonomous cat WC,Chanel Bag,Khaki Food,Tangchao,Healthy pillow,clean food for cat,Dido Orange juice,Authentic Software,UV protector creams
20/3/2021, 11:53:45,ไม่เคย,ไม่เคย,ไม่เคย,ไม่เคย,ไม่เคย,ไม่เคย,ไม่เคย,ไม่เคย,ไม่เคย,ไม่เคย,ไม่เคย,ไม่เคย,เคย,ไม่เคย,ไม่เคย,ไม่เคย,เคย,เคย,เคย,ไม่เคย,ไม่เคย,ไม่เคย,เคย,เคย,เคย,ไม่เคย,ไม่เคย,ไม่เคย,ไม่เคย,เคย,ไม่เคย,เคย,เคย,ไม่เคย,เคย,ไม่เคย,ไม่เคย,เคย,เคย,ไม่เคย,ไม่เคย,ไม่เคย,ไม่เคย,เคย,เคย,ไม่เคย,เคย,ไม่เคย,ไม่เคย,ไม่เคย,ไม่เคย,ไม่เคย,ไม่เคย,ไม่เคย,ไม่เคย,ไม่เคย,ไม่เคย,ไม่เคย,เคย,เคย,เคย
20/3/2021, 11:54:01,ไม่เคย,เคย,ไม่เคย,เคย,ไม่เคย,ไม่เคย,ไม่เคย,เคย,ไม่เคย,ไม่เคย,ไม่เคย,ไม่เคย,เคย,เคย,ไม่เคย,เคย,เคย,ไม่เคย,เคย,ไม่เคย,เคย,เคย,เคย,ไม่เคย,เคย,ไม่เคย,ไม่เคย,เคย,เคย,ไม่เคย,ไม่เคย,เคย,เคย,ไม่เคย,ไม่เคย,ไม่เคย,ไม่เคย,ไม่เคย,เคย,ไม่เคย,ไม่เคย,ไม่เคย,ไม่เคย,เคย,ไม่เคย,เคย,เคย,เคย,ไม่เคย,เคย,ไม่เคย,เคย,ไม่เคย,ไม่เคย,ไม่เคย,เคย,เคย,ไม่เคย,เคย,ไม่เคย,เคย
20/3/2021, 11:54:05,เคย,ไม่เคย,ไม่เคย,ไม่เคย,ไม่เคย,ไม่เคย,ไม่เคย,เคย,เคย,ไม่เคย,ไม่เคย,เคย,เคย,เคย,ไม่เคย,ไม่เคย,เคย,เคย,เคย,ไม่เคย,เคย,เคย,ไม่เคย,เคย,เคย,เคย,ไม่เคย,เคย,ไม่เคย,เคย,เคย,เคย,เคย,เคย,เคย,ไม่เคย,เคย,ไม่เคย,เคย,เคย,เคย,ไม่เคย,ไม่เคย,ไม่เคย,ไม่เคย,เคย,เคย,ไม่เคย,เคย,ไม่เคย,ไม่เคย,เคย,ไม่เคย,ไม่เคย,ไม่เคย,ไม่เคย,เคย,ไม่เคย,เคย,เคย,เคย
20/3/2021, 11:54:13,ไม่เคย,ไม่เคย,ไม่เคย,เคย,ไม่เคย,เคย,ไม่เคย,ไม่เคย,ไม่เคย,ไม่เคย,เคย,เคย,เคย,เคย,ไม่เคย,เคย,เคย,เคย,เคย,เคย,ไม่เคย,ไม่เคย,เคย,เคย,เคย,ไม่เคย,ไม่เคย,ไม่เคย,ไม่เคย,เคย,ไม่เคย,เคย,เคย,ไม่เคย,เคย,ไม่เคย,ไม่เคย,เคย,เคย,ไม่เคย,เคย,ไม่เคย,ไม่เคย,เคย,ไม่เคย,ไม่เคย,เคย,ไม่เคย,ไม่เคย,ไม่เคย,เคย,ไม่เคย,ไม่เคย,ไม่เคย,ไม่เคย,ไม่เคย,ไม่เคย,ไม่เคย,ไม่เคย,ไม่เคย,เคย
20/3/2021, 11:54:18,ไม่เคย,เคย,ไม่เคย,ไม่เคย,เคย,ไม่เคย,ไม่เคย,ไม่เคย,ไม่เคย,ไม่เคย,ไม่เคย,เคย,ไม่เคย,ไม่เคย,เคย,ไม่เคย,เคย,ไม่เคย,เคย,ไม่เคย,ไม่เคย,เคย,เคย,ไม่เคย,เคย,ไม่เคย,ไม่เคย,ไม่เคย,เคย,ไม่เคย,ไม่เคย,เคย,เคย,ไม่เคย,เคย,ไม่เคย,เคย,ไม่เคย,เคย,ไม่เคย,ไม่เคย,เคย,ไม่เคย,ไม่เคย,ไม่เคย,ไม่เคย,เคย,ไม่เคย,เคย,,ไม่เคย,ไม่เคย,ไม่เคย,เคย,ไม่เคย,ไม่เคย,เคย,ไม่เคย,เคย,เคย,เคย
20/3/2021, 11:54:21,เคย,เคย,ไม่เคย,ไม่เคย,ไม่เคย,ไม่เคย,ไม่เคย,เคย,ไม่เคย,ไม่เคย,ไม่เคย,เคย,เคย,เคย,ไม่เคย,ไม่เคย,เคย,เคย,เคย,ไม่เคย,ไม่เคย,เคย,เคย,เคย,เคย,ไม่เคย,ไม่เคย,เคย,ไม่เคย,เคย,ไม่เคย,เคย,เคย,ไม่เคย,ไม่เคย,ไม่เคย,เคย,ไม่เคย,เคย,ไม่เคย,ไม่เคย,ไม่เคย,ไม่เคย,เคย,ไม่เคย,ไม่เคย,เคย,ไม่เคย,เคย,ไม่เคย,ไม่เคย,เคย,ไม่เคย,ไม่เคย,ไม่เคย,,เคย,ไม่เคย,ไม่เคย,ไม่เคย,เคย
20/3/2021, 11:54:34,ไม่เคย,ไม่เคย,ไม่เคย,เคย,ไม่เคย,ไม่เคย,ไม่เคย,เคย,ไม่เคย,ไม่เคย,ไม่เคย,เคย,เคย,ไม่เคย,ไม่เคย,เคย,เคย,ไม่เคย,เคย,ไม่เคย,ไม่เคย,เคย,ไม่เคย,เคย,เคย,ไม่เคย,ไม่เคย,ไม่เคย,ไม่เคย,เคย,ไม่เคย,เคย,เคย,ไม่เคย,เคย,ไม่เคย,เคย,ไม่เคย,เคย,ไม่เคย,ไม่เคย,ไม่เคย,ไม่เคย,ไม่เคย,ไม่เคย,ไม่เคย,เคย,เคย,ไม่เคย,ไม่เคย,ไม่เคย,เคย,ไม่เคย,ไม่เคย,ไม่เคย,ไม่เคย,เคย,ไม่เคย,เคย,เคย,เคย
20/3/2021, 11:54:40,ไม่เคย,ไม่เคย,ไม่เคย,ไม่เคย,ไม่เคย,ไม่เคย,ไม่เคย,เคย,ไม่เคย,ไม่เคย,ไม่เคย,เคย,เคย,เคย,ไม่เคย,เคย,ไม่เคย,ไม่เคย,ไม่เคย,ไม่เคย,ไม่เคย,เคย,เคย,ไม่เคย,,ไม่เคย,ไม่เคย,ไม่เคย,ไม่เคย,ไม่เคย,ไม่เคย,เคย,เคย,ไม่เคย,เคย,ไม่เคย,ไม่เคย,ไม่เคย,เคย,ไม่เคย,ไม่เคย,ไม่เคย,ไม่เคย,ไม่เคย,ไม่เคย,ไม่เคย,ไม่เคย,ไม่เคย,ไม่เคย,ไม่เคย,ไม่เคย,ไม่เคย,ไม่เคย,,ไม่เคย,ไม่เคย,ไม่เคย,ไม่เคย,ไม่เคย,ไม่เคย,เคย
20/3/2021, 11:54:46,ไม่เคย,ไม่เคย,ไม่เคย,ไม่เคย,ไม่เคย,เคย,ไม่เคย,เคย,ไม่เคย,ไม่เคย,ไม่เคย,เคย,เคย,เคย,ไม่เคย,ไม่เคย,เคย,ไม่เคย,เคย,ไม่เคย,ไม่เคย,เคย,เคย,เคย,เคย,ไม่เคย,ไม่เคย,ไม่เคย,เคย,เคย,ไม่เคย,เคย,เคย,ไม่เคย,เคย,ไม่เคย,ไม่เคย,ไม่เคย,เคย,เคย,ไม่เคย,ไม่เคย,ไม่เคย,ไม่เคย,ไม่เคย,เคย,เคย,ไม่เคย,ไม่เคย,เคย,ไม่เคย,ไม่เคย,ไม่เคย,ไม่เคย,เคย,เคย,ไม่เคย,ไม่เคย,ไม่เคย,เคย,เคย
20/3/2021, 11:54:47,ไม่เคย,เคย,ไม่เคย,ไม่เคย,ไม่เคย,ไม่เคย,ไม่เคย,เคย,ไม่เคย,ไม่เคย,ไม่เคย,เคย,เคย,ไม่เคย,ไม่เคย,ไม่เคย,เคย,เคย,ไม่เคย,เคย,ไม่เคย,เคย,ไม่เคย,เคย,เคย,ไม่เคย,ไม่เคย,ไม่เคย,ไม่เคย,เคย,ไม่เคย,เคย,เคย,ไม่เคย,ไม่เคย,ไม่เคย,เคย,ไม่เคย,เคย,ไม่เคย,ไม่เคย,ไม่เคย,ไม่เคย,ไม่เคย,ไม่เคย,ไม่เคย,เคย,ไม่เคย,ไม่เคย,ไม่เคย,ไม่เคย,เคย,ไม่เคย,ไม่เคย,ไม่เคย,ไม่เคย,ไม่เคย,ไม่เคย,ไม่เคย,เคย,เคย
20/3/2021, 11:54:53,เคย,ไม่เคย,ไม่เคย,ไม่เคย,ไม่เคย,ไม่เคย,ไม่เคย,ไม่เคย,ไม่เคย,ไม่เคย,ไม่เคย,ไม่เคย,เคย,ไม่เคย,ไม่เคย,ไม่เคย,ไม่เคย,ไม่เคย,ไม่เคย,ไม่เคย,ไม่เคย,เคย,ไม่เคย,เคย,เคย,ไม่เคย,ไม่เคย,ไม่เคย,ไม่เคย,เคย,ไม่เคย,เคย,เคย,ไม่เคย,ไม่เคย,ไม่เคย,ไม่เคย,ไม่เคย,เคย,ไม่เคย,ไม่เคย,ไม่เคย,ไม่เคย,เคย,ไม่เคย,ไม่เคย,เคย,ไม่เคย,ไม่เคย,ไม่เคย,ไม่เคย,เคย,ไม่เคย,ไม่เคย,เคย,ไม่เคย,ไม่เคย,ไม่เคย,ไม่เคย,เคย,เคย
20/3/2021, 11:54:57,ไม่เคย,ไม่เคย,ไม่เคย,เคย,ไม่เคย,เคย,ไม่เคย,เคย,ไม่เคย,ไม่เคย,ไม่เคย,เคย,เคย,เคย,ไม่เคย,เคย,เคย,ไม่เคย,เคย,ไม่เคย,ไม่เคย,ไม่เคย,ไม่เคย,เคย,เคย,ไม่เคย,ไม่เคย,ไม่เคย,ไม่เคย,เคย,ไม่เคย,เคย,เคย,ไม่เคย,ไม่เคย,,ไม่เคย,ไม่เคย,เคย,เคย,ไม่เคย,ไม่เคย,ไม่เคย,เคย,ไม่เคย,ไม่เคย,เคย,ไม่เคย,ไม่เคย,ไม่เคย,ไม่เคย,ไม่เคย,ไม่เคย,ไม่เคย,ไม่เคย,ไม่เคย,ไม่เคย,ไม่เคย,ไม่เคย,เคย,เคย
20/3/2021, 11:55:00,เคย,เคย,ไม่เคย,ไม่เคย,ไม่เคย,ไม่เคย,ไม่เคย,ไม่เคย,ไม่เคย,เคย,ไม่เคย,เคย,เคย,เคย,ไม่เคย,ไม่เคย,เคย,เคย,เคย,ไม่เคย,ไม่เคย,เคย,เคย,เคย,เคย,ไม่เคย,ไม่เคย,เคย,ไม่เคย,เคย,เคย,เคย,เคย,ไม่เคย,เคย,ไม่เคย,เคย,เคย,เคย,เคย,ไม่เคย,เคย,เคย,เคย,ไม่เคย,เคย,เคย,ไม่เคย,เคย,ไม่เคย,ไม่เคย,เคย,ไม่เคย,ไม่เคย,ไม่เคย,ไม่เคย,เคย,ไม่เคย,เคย,เคย,เคย
20/3/2021, 11:55:00,ไม่เคย,ไม่เคย,ไม่เคย,ไม่เคย,ไม่เคย,ไม่เคย,ไม่เคย,ไม่เคย,ไม่เคย,ไม่เคย,ไม่เคย,ไม่เคย,ไม่เคย,เคย,ไม่เคย,ไม่เคย,เคย,ไม่เคย,เคย,ไม่เคย,ไม่เคย,ไม่เคย,ไม่เคย,เคย,เคย,ไม่เคย,ไม่เคย,ไม่เคย,ไม่เคย,เคย,ไม่เคย,เคย,เคย,ไม่เคย,เคย,ไม่เคย,ไม่เคย,ไม่เคย,เคย,ไม่เคย,ไม่เคย,ไม่เคย,ไม่เคย,ไม่เคย,ไม่เคย,ไม่เคย,เคย,ไม่เคย,ไม่เคย,เคย,ไม่เคย,ไม่เคย,ไม่เคย,ไม่เคย,ไม่เคย,ไม่เคย,ไม่เคย,ไม่เคย,เคย,เคย,เคย
20/3/2021, 11:55:04,ไม่เคย,เคย,ไม่เคย,ไม่เคย,ไม่เคย,ไม่เคย,ไม่เคย,ไม่เคย,ไม่เคย,ไม่เคย,ไม่เคย,เคย,เคย,เคย,ไม่เคย,ไม่เคย,เคย,เคย,เคย,ไม่เคย,ไม่เคย,เคย,ไม่เคย,ไม่เคย,เคย,ไม่เคย,ไม่เคย,เคย,ไม่เคย,เคย,ไม่เคย,เคย,เคย,ไม่เคย,เคย,ไม่เคย,เคย,ไม่เคย,เคย,ไม่เคย,ไม่เคย,ไม่เคย,ไม่เคย,ไม่เคย,ไม่เคย,ไม่เคย,เคย,ไม่เคย,ไม่เคย,ไม่เคย,ไม่เคย,ไม่เคย,ไม่เคย,ไม่เคย,ไม่เคย,ไม่เคย,ไม่เคย,ไม่เคย,เคย,เคย,เคย
20/3/2021, 11:55:05,เคย,เคย,ไม่เคย,ไม่เคย,ไม่เคย,ไม่เคย,ไม่เคย,เคย,ไม่เคย,ไม่เคย,ไม่เคย,เคย,เคย,เคย,ไม่เคย,ไม่เคย,เคย,เคย,เคย,ไม่เคย,ไม่เคย,ไม่เคย,เคย,ไม่เคย,ไม่เคย,ไม่เคย,ไม่เคย,ไม่เคย,ไม่เคย,เคย,ไม่เคย,เคย,เคย,ไม่เคย,ไม่เคย,ไม่เคย,ไม่เคย,ไม่เคย,เคย,เคย,ไม่เคย,ไม่เคย,ไม่เคย,เคย,ไม่เคย,ไม่เคย,เคย,ไม่เคย,ไม่เคย,เคย,ไม่เคย,ไม่เคย,ไม่เคย,ไม่เคย,ไม่เคย,เคย,เคย,ไม่เคย,เคย,เคย,เคย
20/3/2021, 11:55:10,เคย,เคย,ไม่เคย,ไม่เคย,ไม่เคย,ไม่เคย,ไม่เคย,ไม่เคย,ไม่เคย,ไม่เคย,ไม่เคย,เคย,เคย,เคย,ไม่เคย,ไม่เคย,เคย,เคย,เคย,ไม่เคย,ไม่เคย,เคย,ไม่เคย,เคย,เคย,ไม่เคย,ไม่เคย,ไม่เคย,เคย,เคย,ไม่เคย,เคย,เคย,ไม่เคย,เคย,ไม่เคย,ไม่เคย,ไม่เคย,เคย,ไม่เคย,ไม่เคย,ไม่เคย,ไม่เคย,ไม่เคย,ไม่เคย,ไม่เคย,เคย,เคย,ไม่เคย,เคย,ไม่เคย,เคย,ไม่เคย,ไม่เคย,ไม่เคย,ไม่เคย,ไม่เคย,ไม่เคย,เคย,เคย,เคย
20/3/2021, 11:55:15,เคย,ไม่เคย,ไม่เคย,ไม่เคย,ไม่เคย,ไม่เคย,ไม่เคย,เคย,เคย,ไม่เคย,ไม่เคย,ไม่เคย,เคย,เคย,ไม่เคย,ไม่เคย,เคย,เคย,ไม่เคย,ไม่เคย,ไม่เคย,เคย,เคย,เคย,ไม่เคย,ไม่เคย,ไม่เคย,ไม่เคย,เคย,เคย,ไม่เคย,เคย,เคย,ไม่เคย,เคย,ไม่เคย,ไม่เคย,ไม่เคย,ไม่เคย,เคย,ไม่เคย,ไม่เคย,ไม่เคย,ไม่เคย,ไม่เคย,เคย,เคย,ไม่เคย,ไม่เคย,ไม่เคย,ไม่เคย,ไม่เคย,ไม่เคย,ไม่เคย,ไม่เคย,ไม่เคย,ไม่เคย,ไม่เคย,เคย,เคย,เคย
20/3/2021, 11:55:20,ไม่เคย,ไม่เคย,ไม่เคย,เคย,ไม่เคย,ไม่เคย,ไม่เคย,เคย,เคย,ไม่เคย,เคย,เคย,เคย,เคย,ไม่เคย,เคย,เคย,ไม่เคย,เคย,ไม่เคย,ไม่เคย,ไม่เคย,ไม่เคย,เคย,เคย,ไม่เคย,ไม่เคย,ไม่เคย,ไม่เคย,เคย,ไม่เคย,เคย,เคย,ไม่เคย,เคย,ไม่เคย,ไม่เคย,ไม่เคย,เคย,ไม่เคย,ไม่เคย,ไม่เคย,ไม่เคย,เคย,ไม่เคย,ไม่เคย,เคย,ไม่เคย,ไม่เคย,ไม่เคย,เคย,ไม่เคย,ไม่เคย,ไม่เคย,ไม่เคย,ไม่เคย,ไม่เคย,ไม่เคย,เคย,เคย,เคย
20/3/2021, 11:55:28,ไม่เคย,เคย,ไม่เคย,ไม่เคย,เคย,ไม่เคย,ไม่เคย,ไม่เคย,ไม่เคย,ไม่เคย,ไม่เคย,เคย,เคย,ไม่เคย,เคย,ไม่เคย,เคย,ไม่เคย,เคย,เคย,เคย,เคย,ไม่เคย,ไม่เคย,เคย,ไม่เคย,ไม่เคย,เคย,ไม่เคย,ไม่เคย,ไม่เคย,เคย,เคย,ไม่เคย,ไม่เคย,ไม่เคย,ไม่เคย,ไม่เคย,เคย,ไม่เคย,ไม่เคย,ไม่เคย,ไม่เคย,ไม่เคย,ไม่เคย,ไม่เคย,เคย,ไม่เคย,ไม่เคย,เคย,ไม่เคย,ไม่เคย,ไม่เคย,ไม่เคย,ไม่เคย,ไม่เคย,เคย,ไม่เคย,เคย,เคย,เคย
20/3/2021, 11:55:36,ไม่เคย,ไม่เคย,ไม่เคย,ไม่เคย,ไม่เคย,ไม่เคย,ไม่เคย,ไม่เคย,เคย,ไม่เคย,ไม่เคย,ไม่เคย,ไม่เคย,ไม่เคย,ไม่เคย,ไม่เคย,เคย,ไม่เคย,เคย,เคย,ไม่เคย,ไม่เคย,ไม่เคย,ไม่เคย,เคย,ไม่เคย,ไม่เคย,ไม่เคย,ไม่เคย,ไม่เคย,ไม่เคย,เคย,เคย,ไม่เคย,เคย,ไม่เคย,ไม่เคย,เคย,ไม่เคย,เคย,ไม่เคย,ไม่เคย,เคย,ไม่เคย,ไม่เคย,ไม่เคย,เคย,ไม่เคย,ไม่เคย,เคย,ไม่เคย,ไม่เคย,ไม่เคย,ไม่เคย,ไม่เคย,ไม่เคย,ไม่เคย,ไม่เคย,เคย,เคย,เคย
20/3/2021, 11:55:50,เคย,เคย,เคย,เคย,เคย,เคย,เคย,เคย,ไม่เคย,ไม่เคย,เคย,เคย,ไม่เคย,เคย,ไม่เคย,เคย,เคย,เคย,เคย,ไม่เคย,ไม่เคย,เคย,เคย,เคย,ไม่เคย,ไม่เคย,เคย,ไม่เคย,เคย,เคย,เคย,เคย,เคย,ไม่เคย,เคย,เคย,ไม่เคย,เคย,เคย,เคย,เคย,เคย,เคย,ไม่เคย,เคย,เคย,เคย,เคย,ไม่เคย,ไม่เคย,ไม่เคย,ไม่เคย,เคย,เคย,เคย,ไม่เคย,เคย,เคย,เคย,เคย,เคย
20/3/2021, 11:56:14,ไม่เคย,เคย,เคย,ไม่เคย,เคย,ไม่เคย,ไม่เคย,ไม่เคย,เคย,เคย,ไม่เคย,เคย,เคย,เคย,เคย,ไม่เคย,เคย,เคย,เคย,ไม่เคย,เคย,เคย,เคย,เคย,เคย,ไม่เคย,ไม่เคย,เคย,เคย,เคย,ไม่เคย,เคย,เคย,ไม่เคย,ไม่เคย,ไม่เคย,เคย,ไม่เคย,เคย,เคย,ไม่เคย,ไม่เคย,ไม่เคย,เคย,ไม่เคย,เคย,เคย,เคย,เคย,เคย,เคย,เคย,ไม่เคย,เคย,เคย,เคย,เคย,ไม่เคย,เคย,เคย,เคย
20/3/2021, 11:56:24,เคย,เคย,ไม่เคย,ไม่เคย,ไม่เคย,ไม่เคย,ไม่เคย,ไม่เคย,เคย,ไม่เคย,ไม่เคย,เคย,เคย,เคย,ไม่เคย,ไม่เคย,เคย,เคย,เคย,ไม่เคย,ไม่เคย,เคย,เคย,ไม่เคย,ไม่เคย,ไม่เคย,เคย,ไม่เคย,ไม่เคย,ไม่เคย,เคย,เคย,เคย,ไม่เคย,เคย,เคย,เคย,ไม่เคย,เคย,เคย,ไม่เคย,ไม่เคย,ไม่เคย,ไม่เคย,ไม่เคย,ไม่เคย,เคย,เคย,เคย,ไม่เคย,ไม่เคย,ไม่เคย,ไม่เคย,ไม่เคย,ไม่เคย,ไม่เคย,เคย,เคย,เคย,เคย,เคย
20/3/2021, 11:56:43,ไม่เคย,ไม่เคย,ไม่เคย,ไม่เคย,ไม่เคย,ไม่เคย,ไม่เคย,ไม่เคย,ไม่เคย,ไม่เคย,ไม่เคย,ไม่เคย,เคย,เคย,ไม่เคย,ไม่เคย,เคย,ไม่เคย,เคย,ไม่เคย,ไม่เคย,ไม่เคย,ไม่เคย,ไม่เคย,ไม่เคย,ไม่เคย,ไม่เคย,ไม่เคย,ไม่เคย,ไม่เคย,ไม่เคย,เคย,เคย,ไม่เคย,เคย,ไม่เคย,ไม่เคย,ไม่เคย,เคย,ไม่เคย,ไม่เคย,ไม่เคย,เคย,ไม่เคย,ไม่เคย,ไม่เคย,ไม่เคย,ไม่เคย,ไม่เคย,เคย,ไม่เคย,ไม่เคย,ไม่เคย,ไม่เคย,ไม่เคย,เคย,ไม่เคย,ไม่เคย,เคย,ไม่เคย,เคย
20/3/2021, 11:57:02,ไม่เคย,ไม่เคย,ไม่เคย,ไม่เคย,ไม่เคย,ไม่เคย,ไม่เคย,ไม่เคย,ไม่เคย,ไม่เคย,ไม่เคย,เคย,เคย,เคย,ไม่เคย,เคย,เคย,เคย,เคย,เคย,ไม่เคย,เคย,ไม่เคย,เคย,เคย,ไม่เคย,ไม่เคย,ไม่เคย,ไม่เคย,เคย,ไม่เคย,เคย,เคย,ไม่เคย,เคย,ไม่เคย,เคย,ไม่เคย,เคย,ไม่เคย,ไม่เคย,ไม่เคย,ไม่เคย,ไม่เคย,ไม่เคย,ไม่เคย,เคย,ไม่เคย,ไม่เคย,เคย,ไม่เคย,ไม่เคย,ไม่เคย,ไม่เคย,ไม่เคย,ไม่เคย,เคย,ไม่เคย,เคย,เคย,เคย
20/3/2021, 11:57:38,ไม่เคย,ไม่เคย,ไม่เคย,ไม่เคย,ไม่เคย,เคย,ไม่เคย,เคย,ไม่เคย,ไม่เคย,ไม่เคย,เคย,เคย,ไม่เคย,ไม่เคย,เคย,เคย,เคย,เคย,เคย,ไม่เคย,ไม่เคย,เคย,ไม่เคย,เคย,ไม่เคย,ไม่เคย,ไม่เคย,ไม่เคย,เคย,ไม่เคย,เคย,เคย,ไม่เคย,เคย,ไม่เคย,ไม่เคย,ไม่เคย,เคย,ไม่เคย,ไม่เคย,ไม่เคย,ไม่เคย,ไม่เคย,ไม่เคย,ไม่เคย,เคย,ไม่เคย,ไม่เคย,ไม่เคย,เคย,ไม่เคย,ไม่เคย,ไม่เคย,ไม่เคย,ไม่เคย,ไม่เคย,ไม่เคย,เคย,ไม่เคย,เคย
20/3/2021, 11:57:42,เคย,เคย,ไม่เคย,เคย,เคย,ไม่เคย,ไม่เคย,ไม่เคย,เคย,ไม่เคย,ไม่เคย,ไม่เคย,เคย,ไม่เคย,เคย,เคย,เคย,ไม่เคย,เคย,ไม่เคย,ไม่เคย,เคย,ไม่เคย,เคย,เคย,เคย,ไม่เคย,เคย,เคย,เคย,ไม่เคย,เคย,เคย,ไม่เคย,ไม่เคย,ไม่เคย,ไม่เคย,ไม่เคย,เคย,ไม่เคย,ไม่เคย,ไม่เคย,เคย,เคย,ไม่เคย,ไม่เคย,เคย,ไม่เคย,ไม่เคย,ไม่เคย,ไม่เคย,ไม่เคย,ไม่เคย,ไม่เคย,ไม่เคย,ไม่เคย,เคย,ไม่เคย,ไม่เคย,เคย,เคย
20/3/2021, 11:59:34,ไม่เคย,เคย,ไม่เคย,ไม่เคย,ไม่เคย,ไม่เคย,ไม่เคย,ไม่เคย,ไม่เคย,ไม่เคย,ไม่เคย,เคย,เคย,เคย,ไม่เคย,ไม่เคย,เคย,เคย,เคย,ไม่เคย,ไม่เคย,ไม่เคย,เคย,เคย,เคย,เคย,ไม่เคย,ไม่เคย,เคย,เคย,เคย,เคย,เคย,ไม่เคย,เคย,ไม่เคย,เคย,ไม่เคย,เคย,ไม่เคย,ไม่เคย,ไม่เคย,ไม่เคย,ไม่เคย,ไม่เคย,ไม่เคย,เคย,ไม่เคย,เคย,เคย,ไม่เคย,ไม่เคย,ไม่เคย,ไม่เคย,ไม่เคย,ไม่เคย,ไม่เคย,ไม่เคย,ไม่เคย,เคย,เคย
20/3/2021, 11:59:47,เคย,ไม่เคย,เคย,เคย,เคย,เคย,เคย,ไม่เคย,ไม่เคย,ไม่เคย,ไม่เคย,เคย,เคย,เคย,ไม่เคย,เคย,เคย,เคย,เคย,ไม่เคย,ไม่เคย,ไม่เคย,ไม่เคย,เคย,เคย,ไม่เคย,ไม่เคย,ไม่เคย,ไม่เคย,เคย,ไม่เคย,เคย,เคย,ไม่เคย,ไม่เคย,ไม่เคย,ไม่เคย,เคย,เคย,ไม่เคย,ไม่เคย,ไม่เคย,เคย,ไม่เคย,ไม่เคย,,เคย,ไม่เคย,ไม่เคย,เคย,ไม่เคย,ไม่เคย,ไม่เคย,เคย,เคย,ไม่เคย,ไม่เคย,ไม่เคย,ไม่เคย,เคย,เคย
20/3/2021, 12:00:57,ไม่เคย,ไม่เคย,ไม่เคย,ไม่เคย,ไม่เคย,ไม่เคย,ไม่เคย,ไม่เคย,ไม่เคย,ไม่เคย,ไม่เคย,ไม่เคย,เคย,ไม่เคย,ไม่เคย,ไม่เคย,เคย,ไม่เคย,เคย,ไม่เคย,ไม่เคย,ไม่เคย,เคย,ไม่เคย,เคย,ไม่เคย,ไม่เคย,ไม่เคย,ไม่เคย,ไม่เคย,ไม่เคย,เคย,เคย,ไม่เคย,ไม่เคย,ไม่เคย,เคย,ไม่เคย,เคย,ไม่เคย,ไม่เคย,ไม่เคย,ไม่เคย,ไม่เคย,ไม่เคย,ไม่เคย,เคย,ไม่เคย,เคย,เคย,ไม่เคย,เคย,ไม่เคย,ไม่เคย,ไม่เคย,เคย,เคย,ไม่เคย,เคย,ไม่เคย,เคย
20/3/2021, 12:01:55,เคย,เคย,ไม่เคย,ไม่เคย,เคย,ไม่เคย,ไม่เคย,เคย,ไม่เคย,ไม่เคย,ไม่เคย,ไม่เคย,เคย,เคย,เคย,ไม่เคย,เคย,เคย,เคย,เคย,เคย,เคย,เคย,เคย,เคย,ไม่เคย,ไม่เคย,เคย,ไม่เคย,เคย,ไม่เคย,เคย,เคย,ไม่เคย,ไม่เคย,ไม่เคย,เคย,เคย,เคย,ไม่เคย,ไม่เคย,ไม่เคย,ไม่เคย,เคย,ไม่เคย,เคย,เคย,เคย,เคย,เคย,ไม่เคย,เคย,ไม่เคย,ไม่เคย,ไม่เคย,ไม่เคย,ไม่เคย,ไม่เคย,ไม่เคย,เคย,เคย
20/3/2021, 12:01:55,ไม่เคย,เคย,ไม่เคย,ไม่เคย,เคย,ไม่เคย,ไม่เคย,ไม่เคย,ไม่เคย,ไม่เคย,ไม่เคย,ไม่เคย,เคย,ไม่เคย,ไม่เคย,ไม่เคย,เคย,ไม่เคย,เคย,ไม่เคย,ไม่เคย,เคย,ไม่เคย,เคย,ไม่เคย,ไม่เคย,ไม่เคย,ไม่เคย,ไม่เคย,เคย,เคย,เคย,เคย,ไม่เคย,ไม่เคย,ไม่เคย,ไม่เคย,ไม่เคย,เคย,ไม่เคย,เคย,ไม่เคย,ไม่เคย,ไม่เคย,ไม่เคย,ไม่เคย,เคย,ไม่เคย,ไม่เคย,ไม่เคย,ไม่เคย,เคย,ไม่เคย,ไม่เคย,ไม่เคย,ไม่เคย,ไม่เคย,ไม่เคย,เคย,เคย,เคย
20/3/2021, 12:02:08,ไม่เคย,ไม่เคย,ไม่เคย,ไม่เคย,ไม่เคย,ไม่เคย,ไม่เคย,ไม่เคย,ไม่เคย,ไม่เคย,เคย,เคย,เคย,เคย,ไม่เคย,ไม่เคย,เคย,เคย,เคย,ไม่เคย,ไม่เคย,ไม่เคย,ไม่เคย,เคย,เคย,ไม่เคย,ไม่เคย,ไม่เคย,ไม่เคย,เคย,ไม่เคย,เคย,เคย,ไม่เคย,เคย,ไม่เคย,ไม่เคย,ไม่เคย,เคย,ไม่เคย,เคย,ไม่เคย,ไม่เคย,ไม่เคย,ไม่เคย,ไม่เคย,เคย,เคย,ไม่เคย,เคย,ไม่เคย,ไม่เคย,ไม่เคย,ไม่เคย,ไม่เคย,ไม่เคย,ไม่เคย,ไม่เคย,ไม่เคย,เคย,เคย
20/3/2021, 12:02:12,ไม่เคย,เคย,ไม่เคย,ไม่เคย,ไม่เคย,ไม่เคย,ไม่เคย,เคย,ไม่เคย,ไม่เคย,ไม่เคย,ไม่เคย,เคย,เคย,ไม่เคย,ไม่เคย,เคย,เคย,ไม่เคย,ไม่เคย,ไม่เคย,ไม่เคย,ไม่เคย,ไม่เคย,ไม่เคย,ไม่เคย,ไม่เคย,ไม่เคย,ไม่เคย,ไม่เคย,ไม่เคย,เคย,เคย,ไม่เคย,เคย,ไม่เคย,เคย,ไม่เคย,เคย,ไม่เคย,เคย,ไม่เคย,ไม่เคย,ไม่เคย,ไม่เคย,ไม่เคย,เคย,ไม่เคย,เคย,ไม่เคย,ไม่เคย,ไม่เคย,ไม่เคย,ไม่เคย,ไม่เคย,ไม่เคย,ไม่เคย,ไม่เคย,เคย,เคย,เคย
20/3/2021, 12:02:35,เคย,เคย,ไม่เคย,ไม่เคย,เคย,ไม่เคย,ไม่เคย,เคย,เคย,ไม่เคย,ไม่เคย,เคย,เคย,เคย,ไม่เคย,ไม่เคย,ไม่เคย,เคย,เคย,เคย,ไม่เคย,เคย,เคย,ไม่เคย,ไม่เคย,ไม่เคย,ไม่เคย,ไม่เคย,ไม่เคย,ไม่เคย,ไม่เคย,เคย,เคย,เคย,เคย,ไม่เคย,เคย,ไม่เคย,ไม่เคย,เคย,ไม่เคย,ไม่เคย,ไม่เคย,เคย,ไม่เคย,เคย,เคย,ไม่เคย,ไม่เคย,เคย,ไม่เคย,ไม่เคย,ไม่เคย,ไม่เคย,ไม่เคย,ไม่เคย,ไม่เคย,ไม่เคย,ไม่เคย,เคย,เคย
20/3/2021, 12:02:36,ไม่เคย,เคย,ไม่เคย,ไม่เคย,ไม่เคย,ไม่เคย,เคย,ไม่เคย,เคย,ไม่เคย,ไม่เคย,เคย,เคย,เคย,ไม่เคย,ไม่เคย,เคย,เคย,เคย,ไม่เคย,ไม่เคย,ไม่เคย,เคย,เคย,เคย,ไม่เคย,ไม่เคย,ไม่เคย,ไม่เคย,เคย,ไม่เคย,เคย,เคย,ไม่เคย,ไม่เคย,ไม่เคย,ไม่เคย,ไม่เคย,เคย,เคย,ไม่เคย,ไม่เคย,เคย,ไม่เคย,ไม่เคย,ไม่เคย,เคย,ไม่เคย,ไม่เคย,ไม่เคย,ไม่เคย,เคย,ไม่เคย,ไม่เคย,ไม่เคย,ไม่เคย,ไม่เคย,ไม่เคย,เคย,เคย,เคย
20/3/2021, 12:02:38,ไม่เคย,เคย,ไม่เคย,ไม่เคย,ไม่เคย,ไม่เคย,ไม่เคย,ไม่เคย,ไม่เคย,ไม่เคย,ไม่เคย,ไม่เคย,ไม่เคย,เคย,ไม่เคย,ไม่เคย,เคย,ไม่เคย,ไม่เคย,ไม่เคย,ไม่เคย,ไม่เคย,ไม่เคย,ไม่เคย,เคย,ไม่เคย,ไม่เคย,เคย,ไม่เคย,ไม่เคย,ไม่เคย,เคย,เคย,ไม่เคย,เคย,ไม่เคย,ไม่เคย,ไม่เคย,ไม่เคย,ไม่เคย,ไม่เคย,ไม่เคย,ไม่เคย,ไม่เคย,ไม่เคย,ไม่เคย,เคย,ไม่เคย,ไม่เคย,ไม่เคย,ไม่เคย,ไม่เคย,ไม่เคย,ไม่เคย,ไม่เคย,ไม่เคย,ไม่เคย,ไม่เคย,เคย,เคย,เคย
20/3/2021, 12:02:55,เคย,เคย,เคย,เคย,ไม่เคย,เคย,ไม่เคย,ไม่เคย,ไม่เคย,ไม่เคย,ไม่เคย,เคย,เคย,เคย,ไม่เคย,เคย,เคย,เคย,เคย,เคย,ไม่เคย,เคย,เคย,เคย,เคย,เคย,ไม่เคย,ไม่เคย,ไม่เคย,เคย,ไม่เคย,เคย,เคย,เคย,เคย,ไม่เคย,ไม่เคย,เคย,เคย,เคย,เคย,ไม่เคย,เคย,เคย,ไม่เคย,ไม่เคย,เคย,ไม่เคย,ไม่เคย,เคย,เคย,ไม่เคย,เคย,เคย,ไม่เคย,ไม่เคย,เคย,เคย,เคย,เคย,เคย
20/3/2021, 12:03:11,เคย,เคย,ไม่เคย,เคย,ไม่เคย,ไม่เคย,ไม่เคย,ไม่เคย,ไม่เคย,ไม่เคย,ไม่เคย,เคย,เคย,ไม่เคย,ไม่เคย,เคย,เคย,เคย,ไม่เคย,ไม่เคย,ไม่เคย,เคย,เคย,ไม่เคย,เคย,ไม่เคย,ไม่เคย,ไม่เคย,ไม่เคย,ไม่เคย,ไม่เคย,เคย,เคย,ไม่เคย,ไม่เคย,ไม่เคย,ไม่เคย,ไม่เคย,เคย,ไม่เคย,ไม่เคย,ไม่เคย,ไม่เคย,ไม่เคย,ไม่เคย,ไม่เคย,เคย,เคย,ไม่เคย,เคย,ไม่เคย,เคย,เคย,ไม่เคย,ไม่เคย,ไม่เคย,ไม่เคย,ไม่เคย,เคย,ไม่เคย,เคย
20/3/2021, 12:03:21,ไม่เคย,ไม่เคย,ไม่เคย,เคย,ไม่เคย,ไม่เคย,ไม่เคย,ไม่เคย,ไม่เคย,ไม่เคย,ไม่เคย,เคย,เคย,เคย,ไม่เคย,เคย,เคย,เคย,เคย,ไม่เคย,เคย,เคย,เคย,เคย,เคย,ไม่เคย,ไม่เคย,ไม่เคย,เคย,เคย,ไม่เคย,เคย,เคย,ไม่เคย,ไม่เคย,ไม่เคย,ไม่เคย,เคย,เคย,ไม่เคย,ไม่เคย,ไม่เคย,ไม่เคย,เคย,ไม่เคย,ไม่เคย,เคย,ไม่เคย,ไม่เคย,เคย,ไม่เคย,ไม่เคย,ไม่เคย,ไม่เคย,ไม่เคย,เคย,เคย,ไม่เคย,ไม่เคย,ไม่เคย,เคย
20/3/2021, 12:03:25,ไม่เคย,เคย,ไม่เคย,เคย,ไม่เคย,ไม่เคย,ไม่เคย,ไม่เคย,ไม่เคย,เคย,ไม่เคย,เคย,ไม่เคย,ไม่เคย,ไม่เคย,เคย,เคย,เคย,ไม่เคย,เคย,เคย,ไม่เคย,ไม่เคย,เคย,เคย,ไม่เคย,ไม่เคย,เคย,เคย,เคย,ไม่เคย,เคย,เคย,ไม่เคย,เคย,ไม่เคย,ไม่เคย,เคย,เคย,ไม่เคย,ไม่เคย,ไม่เคย,ไม่เคย,เคย,ไม่เคย,ไม่เคย,เคย,ไม่เคย,ไม่เคย,เคย,ไม่เคย,เคย,ไม่เคย,ไม่เคย,ไม่เคย,ไม่เคย,เคย,ไม่เคย,เคย,ไม่เคย,เคย
20/3/2021, 12:03:53,เคย,ไม่เคย,ไม่เคย,เคย,ไม่เคย,ไม่เคย,ไม่เคย,เคย,เคย,ไม่เคย,ไม่เคย,เคย,เคย,เคย,ไม่เคย,เคย,เคย,ไม่เคย,เคย,ไม่เคย,ไม่เคย,เคย,เคย,เคย,เคย,ไม่เคย,ไม่เคย,ไม่เคย,ไม่เคย,เคย,เคย,เคย,เคย,ไม่เคย,เคย,ไม่เคย,ไม่เคย,ไม่เคย,เคย,เคย,ไม่เคย,เคย,ไม่เคย,เคย,ไม่เคย,ไม่เคย,เคย,ไม่เคย,ไม่เคย,ไม่เคย,ไม่เคย,เคย,ไม่เคย,ไม่เคย,ไม่เคย,ไม่เคย,ไม่เคย,ไม่เคย,เคย,เคย,เคย
20/3/2021, 12:04:19,ไม่เคย,ไม่เคย,เคย,เคย,ไม่เคย,เคย,เคย,ไม่เคย,ไม่เคย,ไม่เคย,เคย,เคย,เคย,ไม่เคย,ไม่เคย,ไม่เคย,เคย,เคย,เคย,เคย,ไม่เคย,เคย,เคย,เคย,เคย,เคย,ไม่เคย,ไม่เคย,ไม่เคย,ไม่เคย,ไม่เคย,เคย,เคย,ไม่เคย,เคย,ไม่เคย,ไม่เคย,ไม่เคย,เคย,ไม่เคย,ไม่เคย,ไม่เคย,เคย,ไม่เคย,ไม่เคย,ไม่เคย,เคย,ไม่เคย,ไม่เคย,ไม่เคย,ไม่เคย,เคย,ไม่เคย,ไม่เคย,ไม่เคย,ไม่เคย,ไม่เคย,ไม่เคย,ไม่เคย,เคย,เคย
